model,horizon_hours,n_samples,n_positive,n_negative,threshold,f1,auroc,auprc,precision_at_10,recall_at_10
extra_trees,1,73,33,40,0.706402825942002,0.7857142857142857,0.9454545454545455,0.8784144317000455,0.9,0.2727272727272727
extra_trees,6,61,21,40,0.706402825942002,0.6470588235294118,0.9416666666666667,0.8821019705289184,0.9,0.42857142857142855
extra_trees,24,44,4,40,0.706402825942002,0.0,0.90625,0.44047619047619047,0.3,0.75
extra_trees,72,40,0,40,0.706402825942002,0.0,,,0.0,
hist_gradient_boosting,1,73,33,40,0.9977265255194008,0.4090909090909091,0.9098484848484849,0.8730831769461052,0.9,0.2727272727272727
hist_gradient_boosting,6,61,21,40,0.9977265255194008,0.2962962962962963,0.8380952380952381,0.6934125765046097,0.6,0.2857142857142857
hist_gradient_boosting,24,44,4,40,0.9977265255194008,0.4,0.7875,0.4101190476190476,0.2,0.5
hist_gradient_boosting,72,40,0,40,0.9977265255194008,0.0,,,0.0,
isolation_forest,1,73,33,40,-0.0826733790043375,0.6285714285714286,0.5265151515151516,0.5629936411060892,0.6,0.18181818181818182
isolation_forest,6,61,21,40,-0.0826733790043375,0.525,0.3226190476190476,0.2626234613794199,0.1,0.047619047619047616
isolation_forest,24,44,4,40,-0.0826733790043375,0.17777777777777778,0.3375,0.0821098752133235,0.0,0.0
isolation_forest,72,40,0,40,-0.0826733790043375,0.0,,,0.0,
linear_svm,1,73,33,40,0.9497810923298662,0.9117647058823529,0.9856060606060606,0.9845413879245508,1.0,0.30303030303030304
linear_svm,6,61,21,40,0.9497810923298662,0.8636363636363636,0.969047619047619,0.9216339148408936,0.9,0.42857142857142855
linear_svm,24,44,4,40,0.9497810923298662,0.8888888888888888,1.0,1.0,0.4,1.0
linear_svm,72,40,0,40,0.9497810923298662,0.0,,,0.0,
logistic_regression,1,73,33,40,0.9150322006012536,0.8767123287671232,0.9681818181818183,0.9644348109689496,1.0,0.30303030303030304
logistic_regression,6,61,21,40,0.9150322006012536,0.7916666666666666,0.9369047619047619,0.8713719303159864,0.9,0.42857142857142855
logistic_regression,24,44,4,40,0.9150322006012536,0.5333333333333333,1.0,1.0,0.4,1.0
logistic_regression,72,40,0,40,0.9150322006012536,0.0,,,0.0,
one_class_svm,1,73,33,40,-0.8029196336554802,0.6947368421052632,0.646969696969697,0.6852766014004605,1.0,0.30303030303030304
one_class_svm,6,61,21,40,-0.8029196336554802,0.5263157894736842,0.4261904761904762,0.29990706023444025,0.1,0.047619047619047616
one_class_svm,24,44,4,40,-0.8029196336554802,0.2,0.41250000000000003,0.09390873015873016,0.0,0.0
one_class_svm,72,40,0,40,-0.8029196336554802,0.0,,,0.0,
random_forest,1,73,33,40,0.6774477166007923,0.8275862068965517,0.9583333333333334,0.8880085366536531,0.9,0.2727272727272727
random_forest,6,61,21,40,0.6774477166007923,0.7058823529411765,0.9571428571428571,0.9131462745405694,0.9,0.42857142857142855
random_forest,24,44,4,40,0.6774477166007923,0.4,0.9125000000000001,0.5583333333333333,0.3,0.75
random_forest,72,40,0,40,0.6774477166007923,0.0,,,0.0,
